Film ID,Naziv,Zemlja,Prosjecna Ocjena,Godina,Trajanje,Kratki Opis,Budzet,Prihod,Distributer,TVPG Ocjena,Redatelj Ime,Redatelj Prezime,Glumac Ime, Glumac Prezime, Zanr
1,Iskupljenje u Shawshanku,Sjedinjene Američke Države,87,1994,142,Zatvoren 1940-ih zbog dvostrukog ubojstva svoje žene i njezinog ljubavnika, ugledni bankar Andy Dufresne započinje novi život u zatvoru Shawshank, gdje svoje računovodstvene vještine stavlja na posao za amoralnog upravitelja. Tijekom dugog boravka u zatvoru, Dufresneu se dive ostali zatvorenici -- uključujući starijeg zatvorenika po imenu Red -- zbog njegovog integriteta i neugasivog osjećaja nade.,25000000,28341469,Columbia Pictures,R,Frank Darabont,Clancy, Brown,Drama
1,Iskupljenje u Shawshanku,Sjedinjene Američke Države,87,1994,142,Zatvoren 1940-ih zbog dvostrukog ubojstva svoje žene i njezinog ljubavnika, ugledni bankar Andy Dufresne započinje novi život u zatvoru Shawshank, gdje svoje računovodstvene vještine stavlja na posao za amoralnog upravitelja. Tijekom dugog boravka u zatvoru, Dufresneu se dive ostali zatvorenici -- uključujući starijeg zatvorenika po imenu Red -- zbog njegovog integriteta i neugasivog osjećaja nade.,25000000,28341469,Columbia Pictures,R,Frank Darabont,William, Sandler,Drama
1,Iskupljenje u Shawshanku,Sjedinjene Američke Države,87,1994,142,Zatvoren 1940-ih zbog dvostrukog ubojstva svoje žene i njezinog ljubavnika, ugledni bankar Andy Dufresne započinje novi život u zatvoru Shawshank, gdje svoje računovodstvene vještine stavlja na posao za amoralnog upravitelja. Tijekom dugog boravka u zatvoru, Dufresneu se dive ostali zatvorenici -- uključujući starijeg zatvorenika po imenu Red -- zbog njegovog integriteta i neugasivog osjećaja nade.,25000000,28341469,Columbia Pictures,R,Frank Darabont,Bob, Gunton,Drama
1,Iskupljenje u Shawshanku,Sjedinjene Američke Države,87,1994,142,Zatvoren 1940-ih zbog dvostrukog ubojstva svoje žene i njezinog ljubavnika, ugledni bankar Andy Dufresne započinje novi život u zatvoru Shawshank, gdje svoje računovodstvene vještine stavlja na posao za amoralnog upravitelja. Tijekom dugog boravka u zatvoru, Dufresneu se dive ostali zatvorenici -- uključujući starijeg zatvorenika po imenu Red -- zbog njegovog integriteta i neugasivog osjećaja nade.,25000000,28341469,Columbia Pictures,R,Frank Darabont,Morgan, Freeman,Drama
1,Iskupljenje u Shawshanku,Sjedinjene Američke Države,87,1994,142,Zatvoren 1940-ih zbog dvostrukog ubojstva svoje žene i njezinog ljubavnika, ugledni bankar Andy Dufresne započinje novi život u zatvoru Shawshank, gdje svoje računovodstvene vještine stavlja na posao za amoralnog upravitelja. Tijekom dugog boravka u zatvoru, Dufresneu se dive ostali zatvorenici -- uključujući starijeg zatvorenika po imenu Red -- zbog njegovog integriteta i neugasivog osjećaja nade.,25000000,28341469,Columbia Pictures,R,Frank Darabont,Tim, Robbins,Drama
1,Iskupljenje u Shawshanku,Sjedinjene Američke Države,87,1994,142,Zatvoren 1940-ih zbog dvostrukog ubojstva svoje žene i njezinog ljubavnika, ugledni bankar Andy Dufresne započinje novi život u zatvoru Shawshank, gdje svoje računovodstvene vještine stavlja na posao za amoralnog upravitelja. Tijekom dugog boravka u zatvoru, Dufresneu se dive ostali zatvorenici -- uključujući starijeg zatvorenika po imenu Red -- zbog njegovog integriteta i neugasivog osjećaja nade.,25000000,28341469,Columbia Pictures,R,Frank Darabont,Clancy, Brown,Kriminalistički
1,Iskupljenje u Shawshanku,Sjedinjene Američke Države,87,1994,142,Zatvoren 1940-ih zbog dvostrukog ubojstva svoje žene i njezinog ljubavnika, ugledni bankar Andy Dufresne započinje novi život u zatvoru Shawshank, gdje svoje računovodstvene vještine stavlja na posao za amoralnog upravitelja. Tijekom dugog boravka u zatvoru, Dufresneu se dive ostali zatvorenici -- uključujući starijeg zatvorenika po imenu Red -- zbog njegovog integriteta i neugasivog osjećaja nade.,25000000,28341469,Columbia Pictures,R,Frank Darabont,William, Sandler,Kriminalistički
1,Iskupljenje u Shawshanku,Sjedinjene Američke Države,87,1994,142,Zatvoren 1940-ih zbog dvostrukog ubojstva svoje žene i njezinog ljubavnika, ugledni bankar Andy Dufresne započinje novi život u zatvoru Shawshank, gdje svoje računovodstvene vještine stavlja na posao za amoralnog upravitelja. Tijekom dugog boravka u zatvoru, Dufresneu se dive ostali zatvorenici -- uključujući starijeg zatvorenika po imenu Red -- zbog njegovog integriteta i neugasivog osjećaja nade.,25000000,28341469,Columbia Pictures,R,Frank Darabont,Bob, Gunton,Kriminalistički
1,Iskupljenje u Shawshanku,Sjedinjene Američke Države,87,1994,142,Zatvoren 1940-ih zbog dvostrukog ubojstva svoje žene i njezinog ljubavnika, ugledni bankar Andy Dufresne započinje novi život u zatvoru Shawshank, gdje svoje računovodstvene vještine stavlja na posao za amoralnog upravitelja. Tijekom dugog boravka u zatvoru, Dufresneu se dive ostali zatvorenici -- uključujući starijeg zatvorenika po imenu Red -- zbog njegovog integriteta i neugasivog osjećaja nade.,25000000,28341469,Columbia Pictures,R,Frank Darabont,Morgan, Freeman,Kriminalistički
1,Iskupljenje u Shawshanku,Sjedinjene Američke Države,87,1994,142,Zatvoren 1940-ih zbog dvostrukog ubojstva svoje žene i njezinog ljubavnika, ugledni bankar Andy Dufresne započinje novi život u zatvoru Shawshank, gdje svoje računovodstvene vještine stavlja na posao za amoralnog upravitelja. Tijekom dugog boravka u zatvoru, Dufresneu se dive ostali zatvorenici -- uključujući starijeg zatvorenika po imenu Red -- zbog njegovog integriteta i neugasivog osjećaja nade.,25000000,28341469,Columbia Pictures,R,Frank Darabont,Tim, Robbins,Kriminalistički
2,Kum,Sjedinjene Američke Države,87,1972,175,Obuhvaća godine od 1945. do 1955., kronika izmišljene talijansko-američke zločinačke obitelji Corleone. Kada obiteljski patrijarh organiziranog kriminala, Vito Corleone, jedva preživi napad na njegov život, njegov najmlađi sin, Michael, uskoči u brigu o potencijalnim ubojicama, pokrećući kampanju krvave osvete.,6000000,245066411,Paramount Pictures,R,Francis Coppola,Richard, Castellano,Drama
2,Kum,Sjedinjene Američke Države,87,1972,175,Obuhvaća godine od 1945. do 1955., kronika izmišljene talijansko-američke zločinačke obitelji Corleone. Kada obiteljski patrijarh organiziranog kriminala, Vito Corleone, jedva preživi napad na njegov život, njegov najmlađi sin, Michael, uskoči u brigu o potencijalnim ubojicama, pokrećući kampanju krvave osvete.,6000000,245066411,Paramount Pictures,R,Francis Coppola,Robert, Duvall,Drama
2,Kum,Sjedinjene Američke Države,87,1972,175,Obuhvaća godine od 1945. do 1955., kronika izmišljene talijansko-američke zločinačke obitelji Corleone. Kada obiteljski patrijarh organiziranog kriminala, Vito Corleone, jedva preživi napad na njegov život, njegov najmlađi sin, Michael, uskoči u brigu o potencijalnim ubojicama, pokrećući kampanju krvave osvete.,6000000,245066411,Paramount Pictures,R,Francis Coppola,James, Caan,Drama
2,Kum,Sjedinjene Američke Države,87,1972,175,Obuhvaća godine od 1945. do 1955., kronika izmišljene talijansko-američke zločinačke obitelji Corleone. Kada obiteljski patrijarh organiziranog kriminala, Vito Corleone, jedva preživi napad na njegov život, njegov najmlađi sin, Michael, uskoči u brigu o potencijalnim ubojicama, pokrećući kampanju krvave osvete.,6000000,245066411,Paramount Pictures,R,Francis Coppola,Al, Pacino,Drama
2,Kum,Sjedinjene Američke Države,87,1972,175,Obuhvaća godine od 1945. do 1955., kronika izmišljene talijansko-američke zločinačke obitelji Corleone. Kada obiteljski patrijarh organiziranog kriminala, Vito Corleone, jedva preživi napad na njegov život, njegov najmlađi sin, Michael, uskoči u brigu o potencijalnim ubojicama, pokrećući kampanju krvave osvete.,6000000,245066411,Paramount Pictures,R,Francis Coppola,Marlon, Brando,Drama
2,Kum,Sjedinjene Američke Države,87,1972,175,Obuhvaća godine od 1945. do 1955., kronika izmišljene talijansko-američke zločinačke obitelji Corleone. Kada obiteljski patrijarh organiziranog kriminala, Vito Corleone, jedva preživi napad na njegov život, njegov najmlađi sin, Michael, uskoči u brigu o potencijalnim ubojicama, pokrećući kampanju krvave osvete.,6000000,245066411,Paramount Pictures,R,Francis Coppola,Richard, Castellano,Kriminalistički
2,Kum,Sjedinjene Američke Države,87,1972,175,Obuhvaća godine od 1945. do 1955., kronika izmišljene talijansko-američke zločinačke obitelji Corleone. Kada obiteljski patrijarh organiziranog kriminala, Vito Corleone, jedva preživi napad na njegov život, njegov najmlađi sin, Michael, uskoči u brigu o potencijalnim ubojicama, pokrećući kampanju krvave osvete.,6000000,245066411,Paramount Pictures,R,Francis Coppola,Robert, Duvall,Kriminalistički
2,Kum,Sjedinjene Američke Države,87,1972,175,Obuhvaća godine od 1945. do 1955., kronika izmišljene talijansko-američke zločinačke obitelji Corleone. Kada obiteljski patrijarh organiziranog kriminala, Vito Corleone, jedva preživi napad na njegov život, njegov najmlađi sin, Michael, uskoči u brigu o potencijalnim ubojicama, pokrećući kampanju krvave osvete.,6000000,245066411,Paramount Pictures,R,Francis Coppola,James, Caan,Kriminalistički
2,Kum,Sjedinjene Američke Države,87,1972,175,Obuhvaća godine od 1945. do 1955., kronika izmišljene talijansko-američke zločinačke obitelji Corleone. Kada obiteljski patrijarh organiziranog kriminala, Vito Corleone, jedva preživi napad na njegov život, njegov najmlađi sin, Michael, uskoči u brigu o potencijalnim ubojicama, pokrećući kampanju krvave osvete.,6000000,245066411,Paramount Pictures,R,Francis Coppola,Al, Pacino,Kriminalistički
2,Kum,Sjedinjene Američke Države,87,1972,175,Obuhvaća godine od 1945. do 1955., kronika izmišljene talijansko-američke zločinačke obitelji Corleone. Kada obiteljski patrijarh organiziranog kriminala, Vito Corleone, jedva preživi napad na njegov život, njegov najmlađi sin, Michael, uskoči u brigu o potencijalnim ubojicama, pokrećući kampanju krvave osvete.,6000000,245066411,Paramount Pictures,R,Francis Coppola,Marlon, Brando,Kriminalistički
3,Schindlerova lista,Sjedinjene Američke Države,86,1993,195,Istinita priča o tome kako je biznismen Oskar Schindler spasio preko tisuću života Židova od nacista dok su radili kao robovi u njegovoj tvornici tijekom Drugog svjetskog rata.,22000000,321365567,Universal Pictures,R,Steven Spielberg,Jonathan, Sagall,Drama
3,Schindlerova lista,Sjedinjene Američke Države,86,1993,195,Istinita priča o tome kako je biznismen Oskar Schindler spasio preko tisuću života Židova od nacista dok su radili kao robovi u njegovoj tvornici tijekom Drugog svjetskog rata.,22000000,321365567,Universal Pictures,R,Steven Spielberg,Caroline, Goodall,Drama
3,Schindlerova lista,Sjedinjene Američke Države,86,1993,195,Istinita priča o tome kako je biznismen Oskar Schindler spasio preko tisuću života Židova od nacista dok su radili kao robovi u njegovoj tvornici tijekom Drugog svjetskog rata.,22000000,321365567,Universal Pictures,R,Steven Spielberg,Ralph, Fiennes,Drama
3,Schindlerova lista,Sjedinjene Američke Države,86,1993,195,Istinita priča o tome kako je biznismen Oskar Schindler spasio preko tisuću života Židova od nacista dok su radili kao robovi u njegovoj tvornici tijekom Drugog svjetskog rata.,22000000,321365567,Universal Pictures,R,Steven Spielberg,Ben, Kingsley,Drama
3,Schindlerova lista,Sjedinjene Američke Države,86,1993,195,Istinita priča o tome kako je biznismen Oskar Schindler spasio preko tisuću života Židova od nacista dok su radili kao robovi u njegovoj tvornici tijekom Drugog svjetskog rata.,22000000,321365567,Universal Pictures,R,Steven Spielberg,Liam, Neeson,Drama
3,Schindlerova lista,Sjedinjene Američke Države,86,1993,195,Istinita priča o tome kako je biznismen Oskar Schindler spasio preko tisuću života Židova od nacista dok su radili kao robovi u njegovoj tvornici tijekom Drugog svjetskog rata.,22000000,321365567,Universal Pictures,R,Steven Spielberg,Jonathan, Sagall,Povijesni
3,Schindlerova lista,Sjedinjene Američke Države,86,1993,195,Istinita priča o tome kako je biznismen Oskar Schindler spasio preko tisuću života Židova od nacista dok su radili kao robovi u njegovoj tvornici tijekom Drugog svjetskog rata.,22000000,321365567,Universal Pictures,R,Steven Spielberg,Caroline, Goodall,Povijesni
3,Schindlerova lista,Sjedinjene Američke Države,86,1993,195,Istinita priča o tome kako je biznismen Oskar Schindler spasio preko tisuću života Židova od nacista dok su radili kao robovi u njegovoj tvornici tijekom Drugog svjetskog rata.,22000000,321365567,Universal Pictures,R,Steven Spielberg,Ralph, Fiennes,Povijesni
3,Schindlerova lista,Sjedinjene Američke Države,86,1993,195,Istinita priča o tome kako je biznismen Oskar Schindler spasio preko tisuću života Židova od nacista dok su radili kao robovi u njegovoj tvornici tijekom Drugog svjetskog rata.,22000000,321365567,Universal Pictures,R,Steven Spielberg,Ben, Kingsley,Povijesni
3,Schindlerova lista,Sjedinjene Američke Države,86,1993,195,Istinita priča o tome kako je biznismen Oskar Schindler spasio preko tisuću života Židova od nacista dok su radili kao robovi u njegovoj tvornici tijekom Drugog svjetskog rata.,22000000,321365567,Universal Pictures,R,Steven Spielberg,Liam, Neeson,Povijesni
3,Schindlerova lista,Sjedinjene Američke Države,86,1993,195,Istinita priča o tome kako je biznismen Oskar Schindler spasio preko tisuću života Židova od nacista dok su radili kao robovi u njegovoj tvornici tijekom Drugog svjetskog rata.,22000000,321365567,Universal Pictures,R,Steven Spielberg,Jonathan, Sagall,Ratni
3,Schindlerova lista,Sjedinjene Američke Države,86,1993,195,Istinita priča o tome kako je biznismen Oskar Schindler spasio preko tisuću života Židova od nacista dok su radili kao robovi u njegovoj tvornici tijekom Drugog svjetskog rata.,22000000,321365567,Universal Pictures,R,Steven Spielberg,Caroline, Goodall,Ratni
3,Schindlerova lista,Sjedinjene Američke Države,86,1993,195,Istinita priča o tome kako je biznismen Oskar Schindler spasio preko tisuću života Židova od nacista dok su radili kao robovi u njegovoj tvornici tijekom Drugog svjetskog rata.,22000000,321365567,Universal Pictures,R,Steven Spielberg,Ralph, Fiennes,Ratni
3,Schindlerova lista,Sjedinjene Američke Države,86,1993,195,Istinita priča o tome kako je biznismen Oskar Schindler spasio preko tisuću života Židova od nacista dok su radili kao robovi u njegovoj tvornici tijekom Drugog svjetskog rata.,22000000,321365567,Universal Pictures,R,Steven Spielberg,Ben, Kingsley,Ratni
3,Schindlerova lista,Sjedinjene Američke Države,86,1993,195,Istinita priča o tome kako je biznismen Oskar Schindler spasio preko tisuću života Židova od nacista dok su radili kao robovi u njegovoj tvornici tijekom Drugog svjetskog rata.,22000000,321365567,Universal Pictures,R,Steven Spielberg,Liam, Neeson,Ratni
4,Forest Gump,Sjedinjene Američke Države,85,1994,142,Čovjek s niskim kvocijentom inteligencije postigao je velike stvari u svom životu i bio je prisutan tijekom značajnih povijesnih događaja - u svakom slučaju, daleko iznad onoga što je itko zamislio da može učiniti. Ali unatoč svemu što je postigao, njegova jedina prava ljubav mu izmiče.,55000000,677387716,Paramount Pictures,PG-13,Robert Zemeckis,Mykelti, Williamson,Drama
4,Forest Gump,Sjedinjene Američke Države,85,1994,142,Čovjek s niskim kvocijentom inteligencije postigao je velike stvari u svom životu i bio je prisutan tijekom značajnih povijesnih događaja - u svakom slučaju, daleko iznad onoga što je itko zamislio da može učiniti. Ali unatoč svemu što je postigao, njegova jedina prava ljubav mu izmiče.,55000000,677387716,Paramount Pictures,PG-13,Robert Zemeckis,Sally, Field,Drama
4,Forest Gump,Sjedinjene Američke Države,85,1994,142,Čovjek s niskim kvocijentom inteligencije postigao je velike stvari u svom životu i bio je prisutan tijekom značajnih povijesnih događaja - u svakom slučaju, daleko iznad onoga što je itko zamislio da može učiniti. Ali unatoč svemu što je postigao, njegova jedina prava ljubav mu izmiče.,55000000,677387716,Paramount Pictures,PG-13,Robert Zemeckis,Gary, Sinise,Drama
4,Forest Gump,Sjedinjene Američke Države,85,1994,142,Čovjek s niskim kvocijentom inteligencije postigao je velike stvari u svom životu i bio je prisutan tijekom značajnih povijesnih događaja - u svakom slučaju, daleko iznad onoga što je itko zamislio da može učiniti. Ali unatoč svemu što je postigao, njegova jedina prava ljubav mu izmiče.,55000000,677387716,Paramount Pictures,PG-13,Robert Zemeckis,Robin, Wright,Drama
4,Forest Gump,Sjedinjene Američke Države,85,1994,142,Čovjek s niskim kvocijentom inteligencije postigao je velike stvari u svom životu i bio je prisutan tijekom značajnih povijesnih događaja - u svakom slučaju, daleko iznad onoga što je itko zamislio da može učiniti. Ali unatoč svemu što je postigao, njegova jedina prava ljubav mu izmiče.,55000000,677387716,Paramount Pictures,PG-13,Robert Zemeckis,Tom, Hanks,Drama
4,Forest Gump,Sjedinjene Američke Države,85,1994,142,Čovjek s niskim kvocijentom inteligencije postigao je velike stvari u svom životu i bio je prisutan tijekom značajnih povijesnih događaja - u svakom slučaju, daleko iznad onoga što je itko zamislio da može učiniti. Ali unatoč svemu što je postigao, njegova jedina prava ljubav mu izmiče.,55000000,677387716,Paramount Pictures,PG-13,Robert Zemeckis,Mykelti, Williamson,Komedija
4,Forest Gump,Sjedinjene Američke Države,85,1994,142,Čovjek s niskim kvocijentom inteligencije postigao je velike stvari u svom životu i bio je prisutan tijekom značajnih povijesnih događaja - u svakom slučaju, daleko iznad onoga što je itko zamislio da može učiniti. Ali unatoč svemu što je postigao, njegova jedina prava ljubav mu izmiče.,55000000,677387716,Paramount Pictures,PG-13,Robert Zemeckis,Sally, Field,Komedija
4,Forest Gump,Sjedinjene Američke Države,85,1994,142,Čovjek s niskim kvocijentom inteligencije postigao je velike stvari u svom životu i bio je prisutan tijekom značajnih povijesnih događaja - u svakom slučaju, daleko iznad onoga što je itko zamislio da može učiniti. Ali unatoč svemu što je postigao, njegova jedina prava ljubav mu izmiče.,55000000,677387716,Paramount Pictures,PG-13,Robert Zemeckis,Gary, Sinise,Komedija
4,Forest Gump,Sjedinjene Američke Države,85,1994,142,Čovjek s niskim kvocijentom inteligencije postigao je velike stvari u svom životu i bio je prisutan tijekom značajnih povijesnih događaja - u svakom slučaju, daleko iznad onoga što je itko zamislio da može učiniti. Ali unatoč svemu što je postigao, njegova jedina prava ljubav mu izmiče.,55000000,677387716,Paramount Pictures,PG-13,Robert Zemeckis,Robin, Wright,Komedija
4,Forest Gump,Sjedinjene Američke Države,85,1994,142,Čovjek s niskim kvocijentom inteligencije postigao je velike stvari u svom životu i bio je prisutan tijekom značajnih povijesnih događaja - u svakom slučaju, daleko iznad onoga što je itko zamislio da može učiniti. Ali unatoč svemu što je postigao, njegova jedina prava ljubav mu izmiče.,55000000,677387716,Paramount Pictures,PG-13,Robert Zemeckis,Tom, Hanks,Komedija
4,Forest Gump,Sjedinjene Američke Države,85,1994,142,Čovjek s niskim kvocijentom inteligencije postigao je velike stvari u svom životu i bio je prisutan tijekom značajnih povijesnih događaja - u svakom slučaju, daleko iznad onoga što je itko zamislio da može učiniti. Ali unatoč svemu što je postigao, njegova jedina prava ljubav mu izmiče.,55000000,677387716,Paramount Pictures,PG-13,Robert Zemeckis,Mykelti, Williamson,Romantični
4,Forest Gump,Sjedinjene Američke Države,85,1994,142,Čovjek s niskim kvocijentom inteligencije postigao je velike stvari u svom životu i bio je prisutan tijekom značajnih povijesnih događaja - u svakom slučaju, daleko iznad onoga što je itko zamislio da može učiniti. Ali unatoč svemu što je postigao, njegova jedina prava ljubav mu izmiče.,55000000,677387716,Paramount Pictures,PG-13,Robert Zemeckis,Sally, Field,Romantični
4,Forest Gump,Sjedinjene Američke Države,85,1994,142,Čovjek s niskim kvocijentom inteligencije postigao je velike stvari u svom životu i bio je prisutan tijekom značajnih povijesnih događaja - u svakom slučaju, daleko iznad onoga što je itko zamislio da može učiniti. Ali unatoč svemu što je postigao, njegova jedina prava ljubav mu izmiče.,55000000,677387716,Paramount Pictures,PG-13,Robert Zemeckis,Gary, Sinise,Romantični
4,Forest Gump,Sjedinjene Američke Države,85,1994,142,Čovjek s niskim kvocijentom inteligencije postigao je velike stvari u svom životu i bio je prisutan tijekom značajnih povijesnih događaja - u svakom slučaju, daleko iznad onoga što je itko zamislio da može učiniti. Ali unatoč svemu što je postigao, njegova jedina prava ljubav mu izmiče.,55000000,677387716,Paramount Pictures,PG-13,Robert Zemeckis,Robin, Wright,Romantični
4,Forest Gump,Sjedinjene Američke Države,85,1994,142,Čovjek s niskim kvocijentom inteligencije postigao je velike stvari u svom životu i bio je prisutan tijekom značajnih povijesnih događaja - u svakom slučaju, daleko iznad onoga što je itko zamislio da može učiniti. Ali unatoč svemu što je postigao, njegova jedina prava ljubav mu izmiče.,55000000,677387716,Paramount Pictures,PG-13,Robert Zemeckis,Tom, Hanks,Romantični
5,Interstellar,Sjedinjene Američke Države,84,2014,169,Pustolovine skupine istraživača koji koriste novootkrivenu crvotočinu kako bi nadmašili ograničenja ljudskog svemirskog putovanja i osvojili goleme udaljenosti uključene u međuzvjezdano putovanje.,165000000,701729206,Paramount Pictures,PG-13,Christopher Nolan,Casey, Affleck,Drama
5,Interstellar,Sjedinjene Američke Države,84,2014,169,Pustolovine skupine istraživača koji koriste novootkrivenu crvotočinu kako bi nadmašili ograničenja ljudskog svemirskog putovanja i osvojili goleme udaljenosti uključene u međuzvjezdano putovanje.,165000000,701729206,Paramount Pictures,PG-13,Christopher Nolan,Jessica, Chastain,Drama
5,Interstellar,Sjedinjene Američke Države,84,2014,169,Pustolovine skupine istraživača koji koriste novootkrivenu crvotočinu kako bi nadmašili ograničenja ljudskog svemirskog putovanja i osvojili goleme udaljenosti uključene u međuzvjezdano putovanje.,165000000,701729206,Paramount Pictures,PG-13,Christopher Nolan,Michael, Caine,Drama
5,Interstellar,Sjedinjene Američke Države,84,2014,169,Pustolovine skupine istraživača koji koriste novootkrivenu crvotočinu kako bi nadmašili ograničenja ljudskog svemirskog putovanja i osvojili goleme udaljenosti uključene u međuzvjezdano putovanje.,165000000,701729206,Paramount Pictures,PG-13,Christopher Nolan,Anne, Hathaway,Drama
5,Interstellar,Sjedinjene Američke Države,84,2014,169,Pustolovine skupine istraživača koji koriste novootkrivenu crvotočinu kako bi nadmašili ograničenja ljudskog svemirskog putovanja i osvojili goleme udaljenosti uključene u međuzvjezdano putovanje.,165000000,701729206,Paramount Pictures,PG-13,Christopher Nolan,Matthew, McConaughey,Drama
5,Interstellar,Sjedinjene Američke Države,84,2014,169,Pustolovine skupine istraživača koji koriste novootkrivenu crvotočinu kako bi nadmašili ograničenja ljudskog svemirskog putovanja i osvojili goleme udaljenosti uključene u međuzvjezdano putovanje.,165000000,701729206,Paramount Pictures,PG-13,Christopher Nolan,Casey, Affleck,Avanturistički
5,Interstellar,Sjedinjene Američke Države,84,2014,169,Pustolovine skupine istraživača koji koriste novootkrivenu crvotočinu kako bi nadmašili ograničenja ljudskog svemirskog putovanja i osvojili goleme udaljenosti uključene u međuzvjezdano putovanje.,165000000,701729206,Paramount Pictures,PG-13,Christopher Nolan,Jessica, Chastain,Avanturistički
5,Interstellar,Sjedinjene Američke Države,84,2014,169,Pustolovine skupine istraživača koji koriste novootkrivenu crvotočinu kako bi nadmašili ograničenja ljudskog svemirskog putovanja i osvojili goleme udaljenosti uključene u međuzvjezdano putovanje.,165000000,701729206,Paramount Pictures,PG-13,Christopher Nolan,Michael, Caine,Avanturistički
5,Interstellar,Sjedinjene Američke Države,84,2014,169,Pustolovine skupine istraživača koji koriste novootkrivenu crvotočinu kako bi nadmašili ograničenja ljudskog svemirskog putovanja i osvojili goleme udaljenosti uključene u međuzvjezdano putovanje.,165000000,701729206,Paramount Pictures,PG-13,Christopher Nolan,Anne, Hathaway,Avanturistički
5,Interstellar,Sjedinjene Američke Države,84,2014,169,Pustolovine skupine istraživača koji koriste novootkrivenu crvotočinu kako bi nadmašili ograničenja ljudskog svemirskog putovanja i osvojili goleme udaljenosti uključene u međuzvjezdano putovanje.,165000000,701729206,Paramount Pictures,PG-13,Christopher Nolan,Matthew, McConaughey,Avanturistički
5,Interstellar,Sjedinjene Američke Države,84,2014,169,Pustolovine skupine istraživača koji koriste novootkrivenu crvotočinu kako bi nadmašili ograničenja ljudskog svemirskog putovanja i osvojili goleme udaljenosti uključene u međuzvjezdano putovanje.,165000000,701729206,Paramount Pictures,PG-13,Christopher Nolan,Casey, Affleck,Znanstvena fantastika
5,Interstellar,Sjedinjene Američke Države,84,2014,169,Pustolovine skupine istraživača koji koriste novootkrivenu crvotočinu kako bi nadmašili ograničenja ljudskog svemirskog putovanja i osvojili goleme udaljenosti uključene u međuzvjezdano putovanje.,165000000,701729206,Paramount Pictures,PG-13,Christopher Nolan,Jessica, Chastain,Znanstvena fantastika
5,Interstellar,Sjedinjene Američke Države,84,2014,169,Pustolovine skupine istraživača koji koriste novootkrivenu crvotočinu kako bi nadmašili ograničenja ljudskog svemirskog putovanja i osvojili goleme udaljenosti uključene u međuzvjezdano putovanje.,165000000,701729206,Paramount Pictures,PG-13,Christopher Nolan,Michael, Caine,Znanstvena fantastika
5,Interstellar,Sjedinjene Američke Države,84,2014,169,Pustolovine skupine istraživača koji koriste novootkrivenu crvotočinu kako bi nadmašili ograničenja ljudskog svemirskog putovanja i osvojili goleme udaljenosti uključene u međuzvjezdano putovanje.,165000000,701729206,Paramount Pictures,PG-13,Christopher Nolan,Anne, Hathaway,Znanstvena fantastika
5,Interstellar,Sjedinjene Američke Države,84,2014,169,Pustolovine skupine istraživača koji koriste novootkrivenu crvotočinu kako bi nadmašili ograničenja ljudskog svemirskog putovanja i osvojili goleme udaljenosti uključene u međuzvjezdano putovanje.,165000000,701729206,Paramount Pictures,PG-13,Christopher Nolan,Matthew, McConaughey,Znanstvena fantastika
6,Kad jaganjci utihnu,Sjedinjene Američke Države,83,1991,119,Clarice Starling najbolja je studentica na FBI-evoj akademiji za obuku. Jack Crawford želi da Clarice intervjuira dr. Hannibala Lectera, briljantnog psihijatra koji je također i nasilni psihopat, koji služi doživotnu kaznu iza rešetaka zbog raznih djela ubojstava i kanibalizma. Crawford vjeruje da bi Lecter mogao imati uvid u slučaj i da bi Starlingova, kao privlačna mlada žena, mogla biti samo mamac da ga izvuče.,19000000,272742922,Orion Pictures,R,Jonathan Demme,Anthony, Heald,Drama
6,Kad jaganjci utihnu,Sjedinjene Američke Države,83,1991,119,Clarice Starling najbolja je studentica na FBI-evoj akademiji za obuku. Jack Crawford želi da Clarice intervjuira dr. Hannibala Lectera, briljantnog psihijatra koji je također i nasilni psihopat, koji služi doživotnu kaznu iza rešetaka zbog raznih djela ubojstava i kanibalizma. Crawford vjeruje da bi Lecter mogao imati uvid u slučaj i da bi Starlingova, kao privlačna mlada žena, mogla biti samo mamac da ga izvuče.,19000000,272742922,Orion Pictures,R,Jonathan Demme,Ted, Levine,Drama
6,Kad jaganjci utihnu,Sjedinjene Američke Države,83,1991,119,Clarice Starling najbolja je studentica na FBI-evoj akademiji za obuku. Jack Crawford želi da Clarice intervjuira dr. Hannibala Lectera, briljantnog psihijatra koji je također i nasilni psihopat, koji služi doživotnu kaznu iza rešetaka zbog raznih djela ubojstava i kanibalizma. Crawford vjeruje da bi Lecter mogao imati uvid u slučaj i da bi Starlingova, kao privlačna mlada žena, mogla biti samo mamac da ga izvuče.,19000000,272742922,Orion Pictures,R,Jonathan Demme,Scott, Glenn,Drama
6,Kad jaganjci utihnu,Sjedinjene Američke Države,83,1991,119,Clarice Starling najbolja je studentica na FBI-evoj akademiji za obuku. Jack Crawford želi da Clarice intervjuira dr. Hannibala Lectera, briljantnog psihijatra koji je također i nasilni psihopat, koji služi doživotnu kaznu iza rešetaka zbog raznih djela ubojstava i kanibalizma. Crawford vjeruje da bi Lecter mogao imati uvid u slučaj i da bi Starlingova, kao privlačna mlada žena, mogla biti samo mamac da ga izvuče.,19000000,272742922,Orion Pictures,R,Jonathan Demme,Anthony, Hopkins,Drama
6,Kad jaganjci utihnu,Sjedinjene Američke Države,83,1991,119,Clarice Starling najbolja je studentica na FBI-evoj akademiji za obuku. Jack Crawford želi da Clarice intervjuira dr. Hannibala Lectera, briljantnog psihijatra koji je također i nasilni psihopat, koji služi doživotnu kaznu iza rešetaka zbog raznih djela ubojstava i kanibalizma. Crawford vjeruje da bi Lecter mogao imati uvid u slučaj i da bi Starlingova, kao privlačna mlada žena, mogla biti samo mamac da ga izvuče.,19000000,272742922,Orion Pictures,R,Jonathan Demme,Jodie, Foster,Drama
6,Kad jaganjci utihnu,Sjedinjene Američke Države,83,1991,119,Clarice Starling najbolja je studentica na FBI-evoj akademiji za obuku. Jack Crawford želi da Clarice intervjuira dr. Hannibala Lectera, briljantnog psihijatra koji je također i nasilni psihopat, koji služi doživotnu kaznu iza rešetaka zbog raznih djela ubojstava i kanibalizma. Crawford vjeruje da bi Lecter mogao imati uvid u slučaj i da bi Starlingova, kao privlačna mlada žena, mogla biti samo mamac da ga izvuče.,19000000,272742922,Orion Pictures,R,Jonathan Demme,Anthony, Heald,Kriminalistički
6,Kad jaganjci utihnu,Sjedinjene Američke Države,83,1991,119,Clarice Starling najbolja je studentica na FBI-evoj akademiji za obuku. Jack Crawford želi da Clarice intervjuira dr. Hannibala Lectera, briljantnog psihijatra koji je također i nasilni psihopat, koji služi doživotnu kaznu iza rešetaka zbog raznih djela ubojstava i kanibalizma. Crawford vjeruje da bi Lecter mogao imati uvid u slučaj i da bi Starlingova, kao privlačna mlada žena, mogla biti samo mamac da ga izvuče.,19000000,272742922,Orion Pictures,R,Jonathan Demme,Ted, Levine,Kriminalistički
6,Kad jaganjci utihnu,Sjedinjene Američke Države,83,1991,119,Clarice Starling najbolja je studentica na FBI-evoj akademiji za obuku. Jack Crawford želi da Clarice intervjuira dr. Hannibala Lectera, briljantnog psihijatra koji je također i nasilni psihopat, koji služi doživotnu kaznu iza rešetaka zbog raznih djela ubojstava i kanibalizma. Crawford vjeruje da bi Lecter mogao imati uvid u slučaj i da bi Starlingova, kao privlačna mlada žena, mogla biti samo mamac da ga izvuče.,19000000,272742922,Orion Pictures,R,Jonathan Demme,Scott, Glenn,Kriminalistički
6,Kad jaganjci utihnu,Sjedinjene Američke Države,83,1991,119,Clarice Starling najbolja je studentica na FBI-evoj akademiji za obuku. Jack Crawford želi da Clarice intervjuira dr. Hannibala Lectera, briljantnog psihijatra koji je također i nasilni psihopat, koji služi doživotnu kaznu iza rešetaka zbog raznih djela ubojstava i kanibalizma. Crawford vjeruje da bi Lecter mogao imati uvid u slučaj i da bi Starlingova, kao privlačna mlada žena, mogla biti samo mamac da ga izvuče.,19000000,272742922,Orion Pictures,R,Jonathan Demme,Anthony, Hopkins,Kriminalistički
6,Kad jaganjci utihnu,Sjedinjene Američke Države,83,1991,119,Clarice Starling najbolja je studentica na FBI-evoj akademiji za obuku. Jack Crawford želi da Clarice intervjuira dr. Hannibala Lectera, briljantnog psihijatra koji je također i nasilni psihopat, koji služi doživotnu kaznu iza rešetaka zbog raznih djela ubojstava i kanibalizma. Crawford vjeruje da bi Lecter mogao imati uvid u slučaj i da bi Starlingova, kao privlačna mlada žena, mogla biti samo mamac da ga izvuče.,19000000,272742922,Orion Pictures,R,Jonathan Demme,Jodie, Foster,Kriminalistički
6,Kad jaganjci utihnu,Sjedinjene Američke Države,83,1991,119,Clarice Starling najbolja je studentica na FBI-evoj akademiji za obuku. Jack Crawford želi da Clarice intervjuira dr. Hannibala Lectera, briljantnog psihijatra koji je također i nasilni psihopat, koji služi doživotnu kaznu iza rešetaka zbog raznih djela ubojstava i kanibalizma. Crawford vjeruje da bi Lecter mogao imati uvid u slučaj i da bi Starlingova, kao privlačna mlada žena, mogla biti samo mamac da ga izvuče.,19000000,272742922,Orion Pictures,R,Jonathan Demme,Anthony, Heald,Horor
6,Kad jaganjci utihnu,Sjedinjene Američke Države,83,1991,119,Clarice Starling najbolja je studentica na FBI-evoj akademiji za obuku. Jack Crawford želi da Clarice intervjuira dr. Hannibala Lectera, briljantnog psihijatra koji je također i nasilni psihopat, koji služi doživotnu kaznu iza rešetaka zbog raznih djela ubojstava i kanibalizma. Crawford vjeruje da bi Lecter mogao imati uvid u slučaj i da bi Starlingova, kao privlačna mlada žena, mogla biti samo mamac da ga izvuče.,19000000,272742922,Orion Pictures,R,Jonathan Demme,Ted, Levine,Horor
6,Kad jaganjci utihnu,Sjedinjene Američke Države,83,1991,119,Clarice Starling najbolja je studentica na FBI-evoj akademiji za obuku. Jack Crawford želi da Clarice intervjuira dr. Hannibala Lectera, briljantnog psihijatra koji je također i nasilni psihopat, koji služi doživotnu kaznu iza rešetaka zbog raznih djela ubojstava i kanibalizma. Crawford vjeruje da bi Lecter mogao imati uvid u slučaj i da bi Starlingova, kao privlačna mlada žena, mogla biti samo mamac da ga izvuče.,19000000,272742922,Orion Pictures,R,Jonathan Demme,Scott, Glenn,Horor
6,Kad jaganjci utihnu,Sjedinjene Američke Države,83,1991,119,Clarice Starling najbolja je studentica na FBI-evoj akademiji za obuku. Jack Crawford želi da Clarice intervjuira dr. Hannibala Lectera, briljantnog psihijatra koji je također i nasilni psihopat, koji služi doživotnu kaznu iza rešetaka zbog raznih djela ubojstava i kanibalizma. Crawford vjeruje da bi Lecter mogao imati uvid u slučaj i da bi Starlingova, kao privlačna mlada žena, mogla biti samo mamac da ga izvuče.,19000000,272742922,Orion Pictures,R,Jonathan Demme,Anthony, Hopkins,Horor
6,Kad jaganjci utihnu,Sjedinjene Američke Države,83,1991,119,Clarice Starling najbolja je studentica na FBI-evoj akademiji za obuku. Jack Crawford želi da Clarice intervjuira dr. Hannibala Lectera, briljantnog psihijatra koji je također i nasilni psihopat, koji služi doživotnu kaznu iza rešetaka zbog raznih djela ubojstava i kanibalizma. Crawford vjeruje da bi Lecter mogao imati uvid u slučaj i da bi Starlingova, kao privlačna mlada žena, mogla biti samo mamac da ga izvuče.,19000000,272742922,Orion Pictures,R,Jonathan Demme,Jodie, Foster,Horor
7,Gladijator,Sjedinjene Američke Države,82,2000,155,Godine 180. smrt cara Marka Aurelija baca Rimsko Carstvo u kaos. Maximus je jedan od najsposobnijih i najpouzdanijih generala rimske vojske i ključni savjetnik cara. Dok se Marcusov podmukli sin Commodus penje na prijestolje, Maximus će biti pogubljen. Pobjegne, ali ga zarobe trgovci robljem. Preimenovan u Španjolca i prisiljen postati gladijator, Maximus se mora boriti do smrti s drugim ljudima kako bi zabavio publiku koja plaća.,103000000,465361176,DreamWorks Distribution,R,William Nicholson,Richard, Harris,Drama
7,Gladijator,Sjedinjene Američke Države,82,2000,155,Godine 180. smrt cara Marka Aurelija baca Rimsko Carstvo u kaos. Maximus je jedan od najsposobnijih i najpouzdanijih generala rimske vojske i ključni savjetnik cara. Dok se Marcusov podmukli sin Commodus penje na prijestolje, Maximus će biti pogubljen. Pobjegne, ali ga zarobe trgovci robljem. Preimenovan u Španjolca i prisiljen postati gladijator, Maximus se mora boriti do smrti s drugim ljudima kako bi zabavio publiku koja plaća.,103000000,465361176,DreamWorks Distribution,R,William Nicholson,Oliver, Reed,Drama
7,Gladijator,Sjedinjene Američke Države,82,2000,155,Godine 180. smrt cara Marka Aurelija baca Rimsko Carstvo u kaos. Maximus je jedan od najsposobnijih i najpouzdanijih generala rimske vojske i ključni savjetnik cara. Dok se Marcusov podmukli sin Commodus penje na prijestolje, Maximus će biti pogubljen. Pobjegne, ali ga zarobe trgovci robljem. Preimenovan u Španjolca i prisiljen postati gladijator, Maximus se mora boriti do smrti s drugim ljudima kako bi zabavio publiku koja plaća.,103000000,465361176,DreamWorks Distribution,R,William Nicholson,Connie, Nielsen,Drama
7,Gladijator,Sjedinjene Američke Države,82,2000,155,Godine 180. smrt cara Marka Aurelija baca Rimsko Carstvo u kaos. Maximus je jedan od najsposobnijih i najpouzdanijih generala rimske vojske i ključni savjetnik cara. Dok se Marcusov podmukli sin Commodus penje na prijestolje, Maximus će biti pogubljen. Pobjegne, ali ga zarobe trgovci robljem. Preimenovan u Španjolca i prisiljen postati gladijator, Maximus se mora boriti do smrti s drugim ljudima kako bi zabavio publiku koja plaća.,103000000,465361176,DreamWorks Distribution,R,William Nicholson,Joaquin, Phoenix,Drama
7,Gladijator,Sjedinjene Američke Države,82,2000,155,Godine 180. smrt cara Marka Aurelija baca Rimsko Carstvo u kaos. Maximus je jedan od najsposobnijih i najpouzdanijih generala rimske vojske i ključni savjetnik cara. Dok se Marcusov podmukli sin Commodus penje na prijestolje, Maximus će biti pogubljen. Pobjegne, ali ga zarobe trgovci robljem. Preimenovan u Španjolca i prisiljen postati gladijator, Maximus se mora boriti do smrti s drugim ljudima kako bi zabavio publiku koja plaća.,103000000,465361176,DreamWorks Distribution,R,William Nicholson,Russell, Crowe,Drama
7,Gladijator,Sjedinjene Američke Države,82,2000,155,Godine 180. smrt cara Marka Aurelija baca Rimsko Carstvo u kaos. Maximus je jedan od najsposobnijih i najpouzdanijih generala rimske vojske i ključni savjetnik cara. Dok se Marcusov podmukli sin Commodus penje na prijestolje, Maximus će biti pogubljen. Pobjegne, ali ga zarobe trgovci robljem. Preimenovan u Španjolca i prisiljen postati gladijator, Maximus se mora boriti do smrti s drugim ljudima kako bi zabavio publiku koja plaća.,103000000,465361176,DreamWorks Distribution,R,William Nicholson,Richard, Harris,Avanturistički
7,Gladijator,Sjedinjene Američke Države,82,2000,155,Godine 180. smrt cara Marka Aurelija baca Rimsko Carstvo u kaos. Maximus je jedan od najsposobnijih i najpouzdanijih generala rimske vojske i ključni savjetnik cara. Dok se Marcusov podmukli sin Commodus penje na prijestolje, Maximus će biti pogubljen. Pobjegne, ali ga zarobe trgovci robljem. Preimenovan u Španjolca i prisiljen postati gladijator, Maximus se mora boriti do smrti s drugim ljudima kako bi zabavio publiku koja plaća.,103000000,465361176,DreamWorks Distribution,R,William Nicholson,Oliver, Reed,Avanturistički
7,Gladijator,Sjedinjene Američke Države,82,2000,155,Godine 180. smrt cara Marka Aurelija baca Rimsko Carstvo u kaos. Maximus je jedan od najsposobnijih i najpouzdanijih generala rimske vojske i ključni savjetnik cara. Dok se Marcusov podmukli sin Commodus penje na prijestolje, Maximus će biti pogubljen. Pobjegne, ali ga zarobe trgovci robljem. Preimenovan u Španjolca i prisiljen postati gladijator, Maximus se mora boriti do smrti s drugim ljudima kako bi zabavio publiku koja plaća.,103000000,465361176,DreamWorks Distribution,R,William Nicholson,Connie, Nielsen,Avanturistički
7,Gladijator,Sjedinjene Američke Države,82,2000,155,Godine 180. smrt cara Marka Aurelija baca Rimsko Carstvo u kaos. Maximus je jedan od najsposobnijih i najpouzdanijih generala rimske vojske i ključni savjetnik cara. Dok se Marcusov podmukli sin Commodus penje na prijestolje, Maximus će biti pogubljen. Pobjegne, ali ga zarobe trgovci robljem. Preimenovan u Španjolca i prisiljen postati gladijator, Maximus se mora boriti do smrti s drugim ljudima kako bi zabavio publiku koja plaća.,103000000,465361176,DreamWorks Distribution,R,William Nicholson,Joaquin, Phoenix,Avanturistički
7,Gladijator,Sjedinjene Američke Države,82,2000,155,Godine 180. smrt cara Marka Aurelija baca Rimsko Carstvo u kaos. Maximus je jedan od najsposobnijih i najpouzdanijih generala rimske vojske i ključni savjetnik cara. Dok se Marcusov podmukli sin Commodus penje na prijestolje, Maximus će biti pogubljen. Pobjegne, ali ga zarobe trgovci robljem. Preimenovan u Španjolca i prisiljen postati gladijator, Maximus se mora boriti do smrti s drugim ljudima kako bi zabavio publiku koja plaća.,103000000,465361176,DreamWorks Distribution,R,William Nicholson,Russell, Crowe,Avanturistički
7,Gladijator,Sjedinjene Američke Države,82,2000,155,Godine 180. smrt cara Marka Aurelija baca Rimsko Carstvo u kaos. Maximus je jedan od najsposobnijih i najpouzdanijih generala rimske vojske i ključni savjetnik cara. Dok se Marcusov podmukli sin Commodus penje na prijestolje, Maximus će biti pogubljen. Pobjegne, ali ga zarobe trgovci robljem. Preimenovan u Španjolca i prisiljen postati gladijator, Maximus se mora boriti do smrti s drugim ljudima kako bi zabavio publiku koja plaća.,103000000,465361176,DreamWorks Distribution,R,William Nicholson,Richard, Harris,Akcijski
7,Gladijator,Sjedinjene Američke Države,82,2000,155,Godine 180. smrt cara Marka Aurelija baca Rimsko Carstvo u kaos. Maximus je jedan od najsposobnijih i najpouzdanijih generala rimske vojske i ključni savjetnik cara. Dok se Marcusov podmukli sin Commodus penje na prijestolje, Maximus će biti pogubljen. Pobjegne, ali ga zarobe trgovci robljem. Preimenovan u Španjolca i prisiljen postati gladijator, Maximus se mora boriti do smrti s drugim ljudima kako bi zabavio publiku koja plaća.,103000000,465361176,DreamWorks Distribution,R,William Nicholson,Oliver, Reed,Akcijski
7,Gladijator,Sjedinjene Američke Države,82,2000,155,Godine 180. smrt cara Marka Aurelija baca Rimsko Carstvo u kaos. Maximus je jedan od najsposobnijih i najpouzdanijih generala rimske vojske i ključni savjetnik cara. Dok se Marcusov podmukli sin Commodus penje na prijestolje, Maximus će biti pogubljen. Pobjegne, ali ga zarobe trgovci robljem. Preimenovan u Španjolca i prisiljen postati gladijator, Maximus se mora boriti do smrti s drugim ljudima kako bi zabavio publiku koja plaća.,103000000,465361176,DreamWorks Distribution,R,William Nicholson,Connie, Nielsen,Akcijski
7,Gladijator,Sjedinjene Američke Države,82,2000,155,Godine 180. smrt cara Marka Aurelija baca Rimsko Carstvo u kaos. Maximus je jedan od najsposobnijih i najpouzdanijih generala rimske vojske i ključni savjetnik cara. Dok se Marcusov podmukli sin Commodus penje na prijestolje, Maximus će biti pogubljen. Pobjegne, ali ga zarobe trgovci robljem. Preimenovan u Španjolca i prisiljen postati gladijator, Maximus se mora boriti do smrti s drugim ljudima kako bi zabavio publiku koja plaća.,103000000,465361176,DreamWorks Distribution,R,William Nicholson,Joaquin, Phoenix,Akcijski
7,Gladijator,Sjedinjene Američke Države,82,2000,155,Godine 180. smrt cara Marka Aurelija baca Rimsko Carstvo u kaos. Maximus je jedan od najsposobnijih i najpouzdanijih generala rimske vojske i ključni savjetnik cara. Dok se Marcusov podmukli sin Commodus penje na prijestolje, Maximus će biti pogubljen. Pobjegne, ali ga zarobe trgovci robljem. Preimenovan u Španjolca i prisiljen postati gladijator, Maximus se mora boriti do smrti s drugim ljudima kako bi zabavio publiku koja plaća.,103000000,465361176,DreamWorks Distribution,R,William Nicholson,Russell, Crowe,Akcijski
8,Otok Shutter,Sjedinjene Američke Države,82,2010,155,Vojnik iz Drugog svjetskog rata koji je postao američki vojnik Maršal Teddy Daniels istražuje nestanak pacijenta iz bolnice za lude kriminalce, ali njegovi napori su kompromitirani uznemirujućim vizijama i tajanstvenim liječnikom.,80000000,294804195,Paramount Pictures,R,Martin Scorsese,Michelle, Williams,Drama
8,Otok Shutter,Sjedinjene Američke Države,82,2010,155,Vojnik iz Drugog svjetskog rata koji je postao američki vojnik Maršal Teddy Daniels istražuje nestanak pacijenta iz bolnice za lude kriminalce, ali njegovi napori su kompromitirani uznemirujućim vizijama i tajanstvenim liječnikom.,80000000,294804195,Paramount Pictures,R,Martin Scorsese,Max, von Sydow,Drama
8,Otok Shutter,Sjedinjene Američke Države,82,2010,155,Vojnik iz Drugog svjetskog rata koji je postao američki vojnik Maršal Teddy Daniels istražuje nestanak pacijenta iz bolnice za lude kriminalce, ali njegovi napori su kompromitirani uznemirujućim vizijama i tajanstvenim liječnikom.,80000000,294804195,Paramount Pictures,R,Martin Scorsese,Mark, Ruffalo,Drama
8,Otok Shutter,Sjedinjene Američke Države,82,2010,155,Vojnik iz Drugog svjetskog rata koji je postao američki vojnik Maršal Teddy Daniels istražuje nestanak pacijenta iz bolnice za lude kriminalce, ali njegovi napori su kompromitirani uznemirujućim vizijama i tajanstvenim liječnikom.,80000000,294804195,Paramount Pictures,R,Martin Scorsese,Leonardo, DiCaprio,Drama
8,Otok Shutter,Sjedinjene Američke Države,82,2010,155,Vojnik iz Drugog svjetskog rata koji je postao američki vojnik Maršal Teddy Daniels istražuje nestanak pacijenta iz bolnice za lude kriminalce, ali njegovi napori su kompromitirani uznemirujućim vizijama i tajanstvenim liječnikom.,80000000,294804195,Paramount Pictures,R,Martin Scorsese,Ben, Kingsley,Drama
8,Otok Shutter,Sjedinjene Američke Države,82,2010,155,Vojnik iz Drugog svjetskog rata koji je postao američki vojnik Maršal Teddy Daniels istražuje nestanak pacijenta iz bolnice za lude kriminalce, ali njegovi napori su kompromitirani uznemirujućim vizijama i tajanstvenim liječnikom.,80000000,294804195,Paramount Pictures,R,Martin Scorsese,Michelle, Williams,Misteri
8,Otok Shutter,Sjedinjene Američke Države,82,2010,155,Vojnik iz Drugog svjetskog rata koji je postao američki vojnik Maršal Teddy Daniels istražuje nestanak pacijenta iz bolnice za lude kriminalce, ali njegovi napori su kompromitirani uznemirujućim vizijama i tajanstvenim liječnikom.,80000000,294804195,Paramount Pictures,R,Martin Scorsese,Max, von Sydow,Misteri
8,Otok Shutter,Sjedinjene Američke Države,82,2010,155,Vojnik iz Drugog svjetskog rata koji je postao američki vojnik Maršal Teddy Daniels istražuje nestanak pacijenta iz bolnice za lude kriminalce, ali njegovi napori su kompromitirani uznemirujućim vizijama i tajanstvenim liječnikom.,80000000,294804195,Paramount Pictures,R,Martin Scorsese,Mark, Ruffalo,Misteri
8,Otok Shutter,Sjedinjene Američke Države,82,2010,155,Vojnik iz Drugog svjetskog rata koji je postao američki vojnik Maršal Teddy Daniels istražuje nestanak pacijenta iz bolnice za lude kriminalce, ali njegovi napori su kompromitirani uznemirujućim vizijama i tajanstvenim liječnikom.,80000000,294804195,Paramount Pictures,R,Martin Scorsese,Leonardo, DiCaprio,Misteri
8,Otok Shutter,Sjedinjene Američke Države,82,2010,155,Vojnik iz Drugog svjetskog rata koji je postao američki vojnik Maršal Teddy Daniels istražuje nestanak pacijenta iz bolnice za lude kriminalce, ali njegovi napori su kompromitirani uznemirujućim vizijama i tajanstvenim liječnikom.,80000000,294804195,Paramount Pictures,R,Martin Scorsese,Ben, Kingsley,Misteri
8,Otok Shutter,Sjedinjene Američke Države,82,2010,155,Vojnik iz Drugog svjetskog rata koji je postao američki vojnik Maršal Teddy Daniels istražuje nestanak pacijenta iz bolnice za lude kriminalce, ali njegovi napori su kompromitirani uznemirujućim vizijama i tajanstvenim liječnikom.,80000000,294804195,Paramount Pictures,R,Martin Scorsese,Michelle, Williams,Triler
8,Otok Shutter,Sjedinjene Američke Države,82,2010,155,Vojnik iz Drugog svjetskog rata koji je postao američki vojnik Maršal Teddy Daniels istražuje nestanak pacijenta iz bolnice za lude kriminalce, ali njegovi napori su kompromitirani uznemirujućim vizijama i tajanstvenim liječnikom.,80000000,294804195,Paramount Pictures,R,Martin Scorsese,Max, von Sydow,Triler
8,Otok Shutter,Sjedinjene Američke Države,82,2010,155,Vojnik iz Drugog svjetskog rata koji je postao američki vojnik Maršal Teddy Daniels istražuje nestanak pacijenta iz bolnice za lude kriminalce, ali njegovi napori su kompromitirani uznemirujućim vizijama i tajanstvenim liječnikom.,80000000,294804195,Paramount Pictures,R,Martin Scorsese,Mark, Ruffalo,Triler
8,Otok Shutter,Sjedinjene Američke Države,82,2010,155,Vojnik iz Drugog svjetskog rata koji je postao američki vojnik Maršal Teddy Daniels istražuje nestanak pacijenta iz bolnice za lude kriminalce, ali njegovi napori su kompromitirani uznemirujućim vizijama i tajanstvenim liječnikom.,80000000,294804195,Paramount Pictures,R,Martin Scorsese,Leonardo, DiCaprio,Triler
8,Otok Shutter,Sjedinjene Američke Države,82,2010,155,Vojnik iz Drugog svjetskog rata koji je postao američki vojnik Maršal Teddy Daniels istražuje nestanak pacijenta iz bolnice za lude kriminalce, ali njegovi napori su kompromitirani uznemirujućim vizijama i tajanstvenim liječnikom.,80000000,294804195,Paramount Pictures,R,Martin Scorsese,Ben, Kingsley,Triler
9,Sedam samuraja,Japan,85,1954,207,Samuraj odgovara na zahtjev seljana za zaštitu nakon što ga zadese teška vremena. Grad treba zaštitu od razbojnika, pa samuraj okupi šestoricu da mu pomognu naučiti ljude kako se braniti, a seljani opskrbljuju vojnike hranom. 
,2000000,2626918,Toho,R,Akira Kurosawa,Minoru, Chiaki,Drama
9,Sedam samuraja,Japan,85,1954,207,Samuraj odgovara na zahtjev seljana za zaštitu nakon što ga zadese teška vremena. Grad treba zaštitu od razbojnika, pa samuraj okupi šestoricu da mu pomognu naučiti ljude kako se braniti, a seljani opskrbljuju vojnike hranom. 
,2000000,2626918,Toho,R,Akira Kurosawa,Seiji, Miyaguchi,Drama
9,Sedam samuraja,Japan,85,1954,207,Samuraj odgovara na zahtjev seljana za zaštitu nakon što ga zadese teška vremena. Grad treba zaštitu od razbojnika, pa samuraj okupi šestoricu da mu pomognu naučiti ljude kako se braniti, a seljani opskrbljuju vojnike hranom. 
,2000000,2626918,Toho,R,Akira Kurosawa,Yoshio, Inaba,Drama
9,Sedam samuraja,Japan,85,1954,207,Samuraj odgovara na zahtjev seljana za zaštitu nakon što ga zadese teška vremena. Grad treba zaštitu od razbojnika, pa samuraj okupi šestoricu da mu pomognu naučiti ljude kako se braniti, a seljani opskrbljuju vojnike hranom. 
,2000000,2626918,Toho,R,Akira Kurosawa,Takashi, Shimura,Drama
9,Sedam samuraja,Japan,85,1954,207,Samuraj odgovara na zahtjev seljana za zaštitu nakon što ga zadese teška vremena. Grad treba zaštitu od razbojnika, pa samuraj okupi šestoricu da mu pomognu naučiti ljude kako se braniti, a seljani opskrbljuju vojnike hranom. 
,2000000,2626918,Toho,R,Akira Kurosawa,Toshirō, Mifune,Drama
9,Sedam samuraja,Japan,85,1954,207,Samuraj odgovara na zahtjev seljana za zaštitu nakon što ga zadese teška vremena. Grad treba zaštitu od razbojnika, pa samuraj okupi šestoricu da mu pomognu naučiti ljude kako se braniti, a seljani opskrbljuju vojnike hranom. 
,2000000,2626918,Toho,R,Akira Kurosawa,Minoru, Chiaki,Akcijski
9,Sedam samuraja,Japan,85,1954,207,Samuraj odgovara na zahtjev seljana za zaštitu nakon što ga zadese teška vremena. Grad treba zaštitu od razbojnika, pa samuraj okupi šestoricu da mu pomognu naučiti ljude kako se braniti, a seljani opskrbljuju vojnike hranom. 
,2000000,2626918,Toho,R,Akira Kurosawa,Seiji, Miyaguchi,Akcijski
9,Sedam samuraja,Japan,85,1954,207,Samuraj odgovara na zahtjev seljana za zaštitu nakon što ga zadese teška vremena. Grad treba zaštitu od razbojnika, pa samuraj okupi šestoricu da mu pomognu naučiti ljude kako se braniti, a seljani opskrbljuju vojnike hranom. 
,2000000,2626918,Toho,R,Akira Kurosawa,Yoshio, Inaba,Akcijski
9,Sedam samuraja,Japan,85,1954,207,Samuraj odgovara na zahtjev seljana za zaštitu nakon što ga zadese teška vremena. Grad treba zaštitu od razbojnika, pa samuraj okupi šestoricu da mu pomognu naučiti ljude kako se braniti, a seljani opskrbljuju vojnike hranom. 
,2000000,2626918,Toho,R,Akira Kurosawa,Takashi, Shimura,Akcijski
9,Sedam samuraja,Japan,85,1954,207,Samuraj odgovara na zahtjev seljana za zaštitu nakon što ga zadese teška vremena. Grad treba zaštitu od razbojnika, pa samuraj okupi šestoricu da mu pomognu naučiti ljude kako se braniti, a seljani opskrbljuju vojnike hranom. 
,2000000,2626918,Toho,R,Akira Kurosawa,Toshirō, Mifune,Akcijski
10,Podmornica,Njemačka,81,1981,210,Njemačka podmornica lovi savezničke brodove tijekom Drugog svjetskog rata, ali ubrzo postaje lovina. Posada pokušava preživjeti ispod površine, pritom rastežući i brod i sebe do krajnjih granica.
,14000000,85000000,Neue Constantin Film,R,Wolfgang Petersen,Martin, Semmelrogge,Drama
10,Podmornica,Njemačka,81,1981,210,Njemačka podmornica lovi savezničke brodove tijekom Drugog svjetskog rata, ali ubrzo postaje lovina. Posada pokušava preživjeti ispod površine, pritom rastežući i brod i sebe do krajnjih granica.
,14000000,85000000,Neue Constantin Film,R,Wolfgang Petersen,Hubertus, Bengsch,Drama
10,Podmornica,Njemačka,81,1981,210,Njemačka podmornica lovi savezničke brodove tijekom Drugog svjetskog rata, ali ubrzo postaje lovina. Posada pokušava preživjeti ispod površine, pritom rastežući i brod i sebe do krajnjih granica.
,14000000,85000000,Neue Constantin Film,R,Wolfgang Petersen,Klaus, Wennemann,Drama
10,Podmornica,Njemačka,81,1981,210,Njemačka podmornica lovi savezničke brodove tijekom Drugog svjetskog rata, ali ubrzo postaje lovina. Posada pokušava preživjeti ispod površine, pritom rastežući i brod i sebe do krajnjih granica.
,14000000,85000000,Neue Constantin Film,R,Wolfgang Petersen,Herbert, Grönemeyer,Drama
10,Podmornica,Njemačka,81,1981,210,Njemačka podmornica lovi savezničke brodove tijekom Drugog svjetskog rata, ali ubrzo postaje lovina. Posada pokušava preživjeti ispod površine, pritom rastežući i brod i sebe do krajnjih granica.
,14000000,85000000,Neue Constantin Film,R,Wolfgang Petersen,Jürgen, Prochnow,Drama
10,Podmornica,Njemačka,81,1981,210,Njemačka podmornica lovi savezničke brodove tijekom Drugog svjetskog rata, ali ubrzo postaje lovina. Posada pokušava preživjeti ispod površine, pritom rastežući i brod i sebe do krajnjih granica.
,14000000,85000000,Neue Constantin Film,R,Wolfgang Petersen,Martin, Semmelrogge,Povijesni
10,Podmornica,Njemačka,81,1981,210,Njemačka podmornica lovi savezničke brodove tijekom Drugog svjetskog rata, ali ubrzo postaje lovina. Posada pokušava preživjeti ispod površine, pritom rastežući i brod i sebe do krajnjih granica.
,14000000,85000000,Neue Constantin Film,R,Wolfgang Petersen,Hubertus, Bengsch,Povijesni
10,Podmornica,Njemačka,81,1981,210,Njemačka podmornica lovi savezničke brodove tijekom Drugog svjetskog rata, ali ubrzo postaje lovina. Posada pokušava preživjeti ispod površine, pritom rastežući i brod i sebe do krajnjih granica.
,14000000,85000000,Neue Constantin Film,R,Wolfgang Petersen,Klaus, Wennemann,Povijesni
10,Podmornica,Njemačka,81,1981,210,Njemačka podmornica lovi savezničke brodove tijekom Drugog svjetskog rata, ali ubrzo postaje lovina. Posada pokušava preživjeti ispod površine, pritom rastežući i brod i sebe do krajnjih granica.
,14000000,85000000,Neue Constantin Film,R,Wolfgang Petersen,Herbert, Grönemeyer,Povijesni
10,Podmornica,Njemačka,81,1981,210,Njemačka podmornica lovi savezničke brodove tijekom Drugog svjetskog rata, ali ubrzo postaje lovina. Posada pokušava preživjeti ispod površine, pritom rastežući i brod i sebe do krajnjih granica.
,14000000,85000000,Neue Constantin Film,R,Wolfgang Petersen,Jürgen, Prochnow,Povijesni
10,Podmornica,Njemačka,81,1981,210,Njemačka podmornica lovi savezničke brodove tijekom Drugog svjetskog rata, ali ubrzo postaje lovina. Posada pokušava preživjeti ispod površine, pritom rastežući i brod i sebe do krajnjih granica.
,14000000,85000000,Neue Constantin Film,R,Wolfgang Petersen,Martin, Semmelrogge,Ratni
10,Podmornica,Njemačka,81,1981,210,Njemačka podmornica lovi savezničke brodove tijekom Drugog svjetskog rata, ali ubrzo postaje lovina. Posada pokušava preživjeti ispod površine, pritom rastežući i brod i sebe do krajnjih granica.
,14000000,85000000,Neue Constantin Film,R,Wolfgang Petersen,Hubertus, Bengsch,Ratni
10,Podmornica,Njemačka,81,1981,210,Njemačka podmornica lovi savezničke brodove tijekom Drugog svjetskog rata, ali ubrzo postaje lovina. Posada pokušava preživjeti ispod površine, pritom rastežući i brod i sebe do krajnjih granica.
,14000000,85000000,Neue Constantin Film,R,Wolfgang Petersen,Klaus, Wennemann,Ratni
10,Podmornica,Njemačka,81,1981,210,Njemačka podmornica lovi savezničke brodove tijekom Drugog svjetskog rata, ali ubrzo postaje lovina. Posada pokušava preživjeti ispod površine, pritom rastežući i brod i sebe do krajnjih granica.
,14000000,85000000,Neue Constantin Film,R,Wolfgang Petersen,Herbert, Grönemeyer,Ratni
10,Podmornica,Njemačka,81,1981,210,Njemačka podmornica lovi savezničke brodove tijekom Drugog svjetskog rata, ali ubrzo postaje lovina. Posada pokušava preživjeti ispod površine, pritom rastežući i brod i sebe do krajnjih granica.
,14000000,85000000,Neue Constantin Film,R,Wolfgang Petersen,Jürgen, Prochnow,Ratni
